7,,,,,
Ho Tuan,Thanh,male,htthanh@fit.hcmus.edu.vn,htthanh,1
Nguyen Le Hoang,Dung,male,nlhdung@fit.hcmus.edu.vn,nlhdung,1
Dinh Ba,Tien,male,dbtien@fit.hcmus.edu.vn,dbtien,1
Do Nguyen,Kha,male,dnkha@fit.hcmus.edu.vn,dnkha,1
Truong Phuoc,Loc,male,tploc@fit.hcmus.edu.vn,tploc,1
Le Thi Thanh,Thao,female,lttthao@fit.hcmus.edu.vn,ltthao,1
Nguyen Thi Minh,Phuc,female,ntmphuc@fit.hcmus.edu.vn,ntmphuc,1
Hoang Thanh,Tu,female,httu@fit.hcmus.edu.vn,httu,1
